{
  "metadata": {
    "draw_order": "ore_path_major",
    "n_paths": 4,
    "seed": 42,
    "sequence_type": "MersenneTwister",
    "source": "QuantLib InvCumulativeMersenneTwisterGaussianRsg"
  },
  "params": {
    "alpha_times": [],
    "alpha_values": [
      0.02
    ],
    "kappa_times": [],
    "kappa_values": [
      0.03
    ],
    "scaling": 1.0,
    "shift": 0.0
  },
  "times": [
    0.0,
    0.5,
    1.0,
    2.0,
    5.0
  ],
  "x_paths": [
    [
      0.0,
      0.0,
      0.0,
      0.0
    ],
    [
      -0.004523395906836368,
      0.00875192625140367,
      -0.01429708314579229,
      -0.02221823432694931
    ],
    [
      0.00720519312014245,
      0.019657634650321783,
      -0.016223200154323044,
      -0.02366534503985365
    ],
    [
      0.04024158069474018,
      0.024655160246083954,
      -0.03644434441796601,
      -0.0014954267292467543
    ],
    [
      0.008983168641605518,
      0.03314922238316802,
      -0.08084354363591764,
      -0.016380512364860586
    ]
  ],
  "z": [
    [
      -0.3198523919715468,
      0.8293364834726853,
      1.6518193787298865,
      -0.902352630665877
    ],
    [
      0.6188546400812096,
      0.7711500362518082,
      0.24987627978810856,
      0.24520245306794447
    ],
    [
      -1.0109564443577626,
      -0.13619703980908432,
      -1.0110572131821485,
      -1.28169448101441
    ],
    [
      -1.5710664158577585,
      -0.1023261798222357,
      1.1084959155303447,
      -0.4296954099316139
    ]
  ]
}